id;source;cible;type_lien;commentaire
190;41-1;41;Textuel;Détecté par scan auto
191;41-2;41;Textuel;Détecté par scan auto
192;41-3;41;Textuel;Détecté par scan auto
193;41-4;41;Textuel;Détecté par scan auto
194;42-1;42;Textuel;Détecté par scan auto
195;42-2;42;Textuel;Détecté par scan auto
196;42-3;42;Textuel;Détecté par scan auto
197;44-1;44;Textuel;Détecté par scan auto
198;44-1-2;44;Textuel;Détecté par scan auto
199;44-1-3;44;Textuel;Détecté par scan auto
200;44-1-3;69;Textuel;Détecté par scan auto
201;44-2;44;Textuel;Détecté par scan auto
202;47-1;47;Textuel;Détecté par scan auto
203;47-2;47;Textuel;Détecté par scan auto
204;48;46;Textuel;Détecté par scan auto
205;48;47;Textuel;Détecté par scan auto
206;48-1;48;Textuel;Détecté par scan auto
207;48-1-1-1;48;Textuel;Détecté par scan auto
208;48-1-1-2;48;Textuel;Détecté par scan auto
209;48-1-1-3;48;Textuel;Détecté par scan auto
210;48-1-1-4;48;Textuel;Détecté par scan auto
211;48-1-1-5;48;Textuel;Détecté par scan auto
212;48-1-2;48;Textuel;Détecté par scan auto
213;48-1-2-1;48;Textuel;Détecté par scan auto
214;48-1-2-2;48;Textuel;Détecté par scan auto
215;48-1-2-2-1;48;Textuel;Détecté par scan auto
216;48-1-2-2-2;43;Textuel;Détecté par scan auto
217;48-1-2-2-2;48;Textuel;Détecté par scan auto
218;48-1-2-3;48;Textuel;Détecté par scan auto
219;48-1-2-4;48;Textuel;Détecté par scan auto
220;48-1-2-5;48;Textuel;Détecté par scan auto
221;48-1-3;48;Textuel;Détecté par scan auto
222;48-1-3-1;48;Textuel;Détecté par scan auto
223;48-1-3-1-1;48;Textuel;Détecté par scan auto
224;48-1-3-1-2;48;Textuel;Détecté par scan auto
225;48-1-3-1-3;48;Textuel;Détecté par scan auto
226;48-1-3-2;48;Textuel;Détecté par scan auto
227;48-1-3-3;48;Textuel;Détecté par scan auto
228;48-1-3-4;48;Textuel;Détecté par scan auto
229;48-2;48;Textuel;Détecté par scan auto
230;48-2-1;48;Textuel;Détecté par scan auto
231;48-2-2;48;Textuel;Détecté par scan auto
232;48-2-3;48;Textuel;Détecté par scan auto
233;48-2-4;48;Textuel;Détecté par scan auto
234;48-2-4-1;48;Textuel;Détecté par scan auto
235;48-2-4-2;48;Textuel;Détecté par scan auto
236;48-2-4-3;48;Textuel;Détecté par scan auto
237;48-2-4-4;48;Textuel;Détecté par scan auto
238;48-2-5;48;Textuel;Détecté par scan auto
239;48-2-5-1;48;Textuel;Détecté par scan auto
240;48-2-5-2;48;Textuel;Détecté par scan auto
241;48-2-5-3;48;Textuel;Détecté par scan auto
242;48-2-5-4;48;Textuel;Détecté par scan auto
243;48-2-6;48;Textuel;Détecté par scan auto
244;49;43;Textuel;Détecté par scan auto
245;56-1;42;Textuel;Détecté par scan auto
246;56-1;56;Textuel;Détecté par scan auto
247;56-2;56;Textuel;Détecté par scan auto
248;63-1;63;Textuel;Détecté par scan auto
249;63-2;63;Textuel;Détecté par scan auto
250;63-2-2;63;Textuel;Détecté par scan auto
251;63-3;63;Textuel;Détecté par scan auto
252;63-3-2;63;Textuel;Détecté par scan auto
253;63-3-2;69;Textuel;Détecté par scan auto
254;63-3-3;63;Textuel;Détecté par scan auto
255;63-4;63;Textuel;Détecté par scan auto
256;64-1;64;Textuel;Détecté par scan auto
257;64-2;64;Textuel;Détecté par scan auto
258;64-3;64;Textuel;Détecté par scan auto
259;65-1;65;Textuel;Détecté par scan auto
260;65-2;65;Textuel;Détecté par scan auto
261;69;64;Textuel;Détecté par scan auto
262;76;22;Textuel;Détecté par scan auto
263;77-1;77;Textuel;Détecté par scan auto
264;77-2;77;Textuel;Détecté par scan auto
265;82;32;Textuel;Détecté par scan auto
266;84-1;84;Textuel;Détecté par scan auto
267;84-2;84;Textuel;Détecté par scan auto
268;84-3;84;Textuel;Détecté par scan auto
269;87-1;87;Textuel;Détecté par scan auto
270;87-2;87;Textuel;Détecté par scan auto
271;87-3;87;Textuel;Détecté par scan auto
272;89;40;Textuel;Détecté par scan auto
273;90-1;41;Textuel;Détecté par scan auto
274;90-1;90;Textuel;Détecté par scan auto
275;90-1;97;Textuel;Détecté par scan auto
276;90-1;98;Textuel;Détecté par scan auto
277;90-2;90;Textuel;Détecté par scan auto
278;90-3;41;Textuel;Détecté par scan auto
279;90-3;90;Textuel;Détecté par scan auto
280;90-4;90;Textuel;Détecté par scan auto
281;91-1;42;Textuel;Détecté par scan auto
282;91-1;91;Textuel;Détecté par scan auto
283;91-2;42;Textuel;Détecté par scan auto
284;91-2;91;Textuel;Détecté par scan auto
285;91-3;91;Textuel;Détecté par scan auto
286;92;43;Textuel;Détecté par scan auto
287;94;56;Textuel;Détecté par scan auto
288;95-1;95;Textuel;Détecté par scan auto
289;95-2;44;Textuel;Détecté par scan auto
290;95-2;95;Textuel;Détecté par scan auto
291;96-1;96;Textuel;Détecté par scan auto
292;96-2;96;Textuel;Détecté par scan auto
293;96-3;96;Textuel;Détecté par scan auto
294;96-4;96;Textuel;Détecté par scan auto
295;97-1;97;Textuel;Détecté par scan auto
296;97-2;97;Textuel;Détecté par scan auto
297;98-1-1;90;Textuel;Détecté par scan auto
298;98-1-1;96;Textuel;Détecté par scan auto
299;98-1-1;98;Textuel;Détecté par scan auto
300;98-1-2;97;Textuel;Détecté par scan auto
301;98-1-2;98;Textuel;Détecté par scan auto
302;98-2;98;Textuel;Détecté par scan auto
303;101;47;Textuel;Détecté par scan auto
304;102-1;102;Textuel;Détecté par scan auto
305;102-1-1;102;Textuel;Détecté par scan auto
306;102-1-2;102;Textuel;Détecté par scan auto
307;102-1-2-1;102;Textuel;Détecté par scan auto
308;102-1-2-1;97;Textuel;Détecté par scan auto
309;102-1-2-2;102;Textuel;Détecté par scan auto
310;102-1-2-2;48;Textuel;Détecté par scan auto
311;102-1-2-2;97;Textuel;Détecté par scan auto
312;102-1-2-3;102;Textuel;Détecté par scan auto
313;102-1-2-3;48;Textuel;Détecté par scan auto
314;102-1-2-3;97;Textuel;Détecté par scan auto
315;102-2;102;Textuel;Détecté par scan auto
316;102-2;109;Textuel;Détecté par scan auto
317;102-2;48;Textuel;Détecté par scan auto
318;102-2;97;Textuel;Détecté par scan auto
319;103;119;Textuel;Détecté par scan auto
320;104;49;Textuel;Détecté par scan auto
321;105;119;Textuel;Détecté par scan auto
322;108-1;108;Textuel;Détecté par scan auto
323;108-1;111;Textuel;Détecté par scan auto
324;108-2;108;Textuel;Détecté par scan auto
325;108-2;109;Textuel;Détecté par scan auto
326;109-1;109;Textuel;Détecté par scan auto
327;109-1;111;Textuel;Détecté par scan auto
328;109-1;96;Textuel;Détecté par scan auto
329;109-2;102;Textuel;Détecté par scan auto
330;109-2;109;Textuel;Détecté par scan auto
331;109-2;110;Textuel;Détecté par scan auto
332;109-2;111;Textuel;Détecté par scan auto
333;109-2;56;Textuel;Détecté par scan auto
334;109-3;109;Textuel;Détecté par scan auto
335;109-3;112;Textuel;Détecté par scan auto
336;110-1;110;Textuel;Détecté par scan auto
337;110-1;96;Textuel;Détecté par scan auto
338;110-2;110;Textuel;Détecté par scan auto
339;110-2;96;Textuel;Détecté par scan auto
340;110-3;110;Textuel;Détecté par scan auto
341;112;56;Textuel;Détecté par scan auto
342;113;57;Textuel;Détecté par scan auto
343;114-1;114;Textuel;Détecté par scan auto
344;114-2;114;Textuel;Détecté par scan auto
345;115;59;Textuel;Détecté par scan auto
346;116;60;Textuel;Détecté par scan auto
347;117;61;Textuel;Détecté par scan auto
348;118;62;Textuel;Détecté par scan auto
349;119-1;119;Textuel;Détecté par scan auto
350;119-2;119;Textuel;Détecté par scan auto
351;119-2;63;Textuel;Détecté par scan auto
352;119-2-2;119;Textuel;Détecté par scan auto
353;119-2-2;63;Textuel;Détecté par scan auto
354;119-3;119;Textuel;Détecté par scan auto
355;119-3;67;Textuel;Détecté par scan auto
356;119-4;119;Textuel;Détecté par scan auto
357;119-4;63;Textuel;Détecté par scan auto
358;119-4-2;119;Textuel;Détecté par scan auto
359;119-4-2;121;Textuel;Détecté par scan auto
360;119-4-2;122;Textuel;Détecté par scan auto
361;119-4-2;69;Textuel;Détecté par scan auto
362;120;64;Textuel;Détecté par scan auto
363;121-1;121;Textuel;Détecté par scan auto
364;121-2;121;Textuel;Détecté par scan auto
365;121-2;63;Textuel;Détecté par scan auto
366;122;111;Textuel;Détecté par scan auto
367;122;66;Textuel;Détecté par scan auto
368;123-1;123;Textuel;Détecté par scan auto
369;123-1;48;Textuel;Détecté par scan auto
370;123-2;123;Textuel;Détecté par scan auto
371;123-2;48;Textuel;Détecté par scan auto
372;125;69;Textuel;Détecté par scan auto
373;127;40;Textuel;Détecté par scan auto
374;128-1;128;Textuel;Détecté par scan auto
375;128-1;41;Textuel;Détecté par scan auto
376;128-1-1;128;Textuel;Détecté par scan auto
377;128-1-2;128;Textuel;Détecté par scan auto
378;128-1-3;128;Textuel;Détecté par scan auto
379;128-2;128;Textuel;Détecté par scan auto
380;128-2;41-2;Textuel;Détecté par scan auto
381;128-3;128;Textuel;Détecté par scan auto
382;128-3;41;Textuel;Détecté par scan auto
383;129-1;129;Textuel;Détecté par scan auto
384;129-1;42-1;Textuel;Détecté par scan auto
385;129-2;129;Textuel;Détecté par scan auto
386;129-2;42-2;Textuel;Détecté par scan auto
387;129-3;129;Textuel;Détecté par scan auto
388;129-3-1;129;Textuel;Détecté par scan auto
389;129-3-2;129;Textuel;Détecté par scan auto
390;130;43;Textuel;Détecté par scan auto
391;131-1;131;Textuel;Détecté par scan auto
392;131-1;44-1;Textuel;Détecté par scan auto
393;131-2;131;Textuel;Détecté par scan auto
394;131-2;44-2;Textuel;Détecté par scan auto
395;133-1;133;Textuel;Détecté par scan auto
396;133-1;134;Textuel;Détecté par scan auto
397;133-2;133;Textuel;Détecté par scan auto
398;133-2;134;Textuel;Détecté par scan auto
399;133-3;133;Textuel;Détecté par scan auto
400;136;147;Textuel;Détecté par scan auto
401;137-1;137;Textuel;Détecté par scan auto
402;137-2;137;Textuel;Détecté par scan auto
403;137-3;137;Textuel;Détecté par scan auto
404;139-1;139;Textuel;Détecté par scan auto
405;139-1;47;Textuel;Détecté par scan auto
406;139-2;139;Textuel;Détecté par scan auto
407;139-2;47-2;Textuel;Détecté par scan auto
408;140-1;140;Textuel;Détecté par scan auto
409;140-1-1;140;Textuel;Détecté par scan auto
410;140-1-1;48;Textuel;Détecté par scan auto
411;140-1-2;140;Textuel;Détecté par scan auto
412;140-1-2;156;Textuel;Détecté par scan auto
413;140-2;140;Textuel;Détecté par scan auto
414;140-2;48-2;Textuel;Détecté par scan auto
415;141-1;141;Textuel;Détecté par scan auto
416;141-1;49;Textuel;Détecté par scan auto
417;141-2;141;Textuel;Détecté par scan auto
418;144-1;144;Textuel;Détecté par scan auto
419;144-1;156;Textuel;Détecté par scan auto
420;144-2;144;Textuel;Détecté par scan auto
421;145;52;Textuel;Détecté par scan auto
422;146-1;146;Textuel;Détecté par scan auto
423;146-2;146;Textuel;Détecté par scan auto
424;147;136;Textuel;Détecté par scan auto
425;147;146;Textuel;Détecté par scan auto
426;150;137;Textuel;Détecté par scan auto
427;152-1;132;Textuel;Détecté par scan auto
428;152-1;152;Textuel;Détecté par scan auto
429;152-2;142;Textuel;Détecté par scan auto
430;152-2;152;Textuel;Détecté par scan auto
431;153-1;153;Textuel;Détecté par scan auto
432;153-1-1;153;Textuel;Détecté par scan auto
433;153-1-1-1;153;Textuel;Détecté par scan auto
434;153-1-1-2;153;Textuel;Détecté par scan auto
435;153-1-1-3;153;Textuel;Détecté par scan auto
436;153-1-2;153;Textuel;Détecté par scan auto
437;153-2;153;Textuel;Détecté par scan auto
438;153-2-1;153;Textuel;Détecté par scan auto
439;153-2-2;153;Textuel;Détecté par scan auto
440;154;56;Textuel;Détecté par scan auto
441;155;57;Textuel;Détecté par scan auto
442;156-1;156;Textuel;Détecté par scan auto
443;156-1-2;156;Textuel;Détecté par scan auto
444;156-1-3;156;Textuel;Détecté par scan auto
445;156-1-4;156;Textuel;Détecté par scan auto
446;156-2;156;Textuel;Détecté par scan auto
447;157;59;Textuel;Détecté par scan auto
448;158;60;Textuel;Détecté par scan auto
449;159;61;Textuel;Détecté par scan auto
450;160;62;Textuel;Détecté par scan auto
451;161-1;161;Textuel;Détecté par scan auto
452;161-1-1-1;161;Textuel;Détecté par scan auto
453;161-1-1-2;161;Textuel;Détecté par scan auto
454;161-1-2;161;Textuel;Détecté par scan auto
455;161-1-2;163;Textuel;Détecté par scan auto
456;161-2-1;161;Textuel;Détecté par scan auto
457;161-2-1;63;Textuel;Détecté par scan auto
458;161-2-2;161;Textuel;Détecté par scan auto
459;161-2-2;63;Textuel;Détecté par scan auto
460;161-3;161;Textuel;Détecté par scan auto
461;161-3;163;Textuel;Détecté par scan auto
462;161-4;161;Textuel;Détecté par scan auto
463;161-4;163;Textuel;Détecté par scan auto
464;161-4;164;Textuel;Détecté par scan auto
465;161-4;69;Textuel;Détecté par scan auto
466;161-4-2;161;Textuel;Détecté par scan auto
467;161-4-2;163;Textuel;Détecté par scan auto
468;161-4-2;164;Textuel;Détecté par scan auto
469;161-4-2;69;Textuel;Détecté par scan auto
470;161-4-3;161;Textuel;Détecté par scan auto
471;161-4-3;63;Textuel;Détecté par scan auto
472;162-1;162;Textuel;Détecté par scan auto
473;162-2;162;Textuel;Détecté par scan auto
474;162-3;162;Textuel;Détecté par scan auto
475;162-4-1;162;Textuel;Détecté par scan auto
476;162-4-2;162;Textuel;Détecté par scan auto
477;162-5;162;Textuel;Détecté par scan auto
478;162-6;162;Textuel;Détecté par scan auto
479;163-1;163;Textuel;Détecté par scan auto
480;163-1;66;Textuel;Détecté par scan auto
481;163-2;163;Textuel;Détecté par scan auto
482;163-3;163;Textuel;Détecté par scan auto
483;164;66;Textuel;Détecté par scan auto
484;165;140;Textuel;Détecté par scan auto
485;165;67;Textuel;Détecté par scan auto
486;166;147;Textuel;Détecté par scan auto
487;167;69;Textuel;Détecté par scan auto
488;90;41;Logique;Complète les mentions obligatoires
489;128;41;Logique;Complète la forme du contrat
490;95-1;44;Logique;Complète la durée de période d'essai
491;100;46;Logique;Complète le principe du repos hebdomadaire
492;138;46;Logique;Complète le principe du repos hebdomadaire
493;139-1;47-1;Logique;Renvoi spécifique au 1er mai
494;102;48;Logique;Complète les modalités de congés payés
495;162;64;Logique;Complète la durée du préavis
496;144;51;;